,sample_size,pairwise_diff,diff_ci95_low,diff_ci95_high,pval,median_mixpred,median_standard
1,67,0.0280205966691626,0.0236376767356646,0.0324035166026606,1.24385698006509e-33,0.119819128333148,0.0687344039671518
2,84,0.0309133044796478,0.0266375511587127,0.0351890578005829,9.28521405137186e-42,0.165126836053103,0.0982721292280698
3,96,0.0296733689594655,0.0251075444162038,0.0342391935027273,1.27309955608309e-34,0.185394465562644,0.118657471050278
4,112,0.0291844424356196,0.0247679585191295,0.0336009263521096,1.18380853967863e-35,0.209449066012477,0.154231829549168
5,134,0.0241843045378875,0.0196600248794696,0.0287085841963055,1.71150584795004e-24,0.23597145363438,0.197698658240552
6,168,0.0236323932455482,0.0195393487265292,0.0277254377645672,4.42415959441879e-28,0.257140104155991,0.222549433884613
7,224,0.0179488128830221,0.0138370175420534,0.0220606082239907,4.01045341866946e-17,0.278600526240972,0.249853595172053
8,335,0.0135278759705026,0.00975355460824741,0.0173021973327578,3.73510463383378e-12,0.299670999164742,0.283800406758915
